Feature,Correlation,P_value,AUC,Odds_Ratio,Significant
in_hospital_mortality,0.75,1.5179511919599474e-26,0.96875,6.740351784421245,True
item_51301_count,0.41543482055653325,6.612333965779768e-07,0.8841463414634146,2.2997396872535694,True
item_51277_count,0.3939584771318663,2.7103886532881074e-06,0.8833333333333334,2.2673284124227977,True
item_51279_count,0.39614092684138474,2.3588751029020457e-06,0.8833333333333334,2.271256581122665,True
item_51249_count,0.39614092684138474,2.3588751029020457e-06,0.8833333333333334,2.271256581122665,True
item_51250_count,0.39614092684138474,2.3588751029020457e-06,0.8833333333333334,2.271256581122665,True
item_51248_count,0.39614092684138474,2.3588751029020457e-06,0.8833333333333334,2.271256581122665,True
item_51222_count,0.41700851771961545,5.939658016619717e-07,0.8829268292682927,2.315015143723742,True
item_51265_count,0.3979080873701107,2.106406349228815e-06,0.8788617886178862,2.2047102938781484,True
item_50868_mean,0.4542912976161995,2.4604754475214016e-08,0.8700787401574803,3.615912501771703,True
item_51006_last,0.4588020341885399,1.7157730996384633e-08,0.8661417322834646,2.8915614194088235,True
item_50912_pct_abnormal,0.3855832237348427,3.271358116752591e-06,0.865748031496063,5.419000921033118,True
item_50868_max,0.4416935086921576,6.55314559812711e-08,0.8637795275590552,3.187834023000191,True
item_51221_count,0.3965054651425577,2.3045523362934082e-06,0.8617886178861789,2.238779989323179,True
item_50868_last,0.4246526890461878,2.3183871576933918e-07,0.8551181102362205,3.4329003792712496,True
item_50931_count,0.3308367974562758,7.859367271708478e-05,0.8539370078740157,1.9396147720757384,True
item_51006_count,0.33664223137612437,5.7647915023093386e-05,0.8527559055118109,2.0156483467425232,True
item_50970_count,0.33705176416186794,6.825984365933587e-05,0.8524193548387097,2.0288451165302677,True
item_50912_count,0.3352687982317929,6.206840378388998e-05,0.8523622047244094,2.009520568874902,True
item_50882_count,0.32604837026373074,0.00010101895226947214,0.8523622047244094,1.9229098681771408,True
item_50868_count,0.3241161463015298,0.0001116563552482533,0.8515748031496063,1.9135418854616912,True
item_50893_count,0.3338693459819024,8.068893654740636e-05,0.8512096774193548,2.0241938653485585,True
item_51006_max,0.4331150602919161,1.2486713421331952e-07,0.8448818897637795,2.579423098261969,True
item_50960_count,0.329061225844225,9.743555347376224e-05,0.8444,2.0090219847763295,True
item_50970_max,0.4282334064779884,2.4486545657341465e-07,0.835483870967742,2.8186045390098498,True
item_50970_last,0.41254762782030324,7.297404838497484e-07,0.8326612903225806,3.1927086010589987,True
item_51006_mean,0.3756951603253411,6.0691530695285115e-06,0.8267716535433071,2.602826851202778,True
item_50868_pct_abnormal,0.4194350040721483,3.367169328055553e-07,0.825984251968504,2.3719580143010193,True
item_50970_mean,0.4245473665272763,3.180803570182366e-07,0.8181451612903226,3.2141441852137014,True
item_50912_last,0.27020598368000587,0.0014064825267569591,0.8181102362204725,1.8036758635219334,True
item_50912_max,0.2605858266239264,0.00210186637695655,0.8118110236220473,1.699491071595106,True
item_50912_std,0.17049947485107406,0.07493701080846259,0.8039999999999999,1.3673856296415334,False
item_50912_mean,0.22331141270387408,0.008714529258356694,0.8031496062992126,1.5930490453345572,True
item_50971_max,0.3105206368726122,0.00021000125669297436,0.7891911238367931,2.3917785854991376,True
item_50983_count,0.2861941372099826,0.0006667344052320588,0.7820329277022189,1.796720065392748,True
item_50902_count,0.28574559972085023,0.0006804491232246759,0.7816750178954903,1.7957439346634585,True
item_50971_count,0.2834892845730965,0.000753456815678654,0.7806012884753042,1.787014904574039,True
item_51265_pct_abnormal,0.27231505386514093,0.0015191752967427447,0.7743902439024389,2.4604699223723965,True
item_51006_pct_abnormal,0.26665786883927517,0.0016338910421951809,0.7724409448818899,2.727073620754897,True
item_51006_min,0.2611427847717636,0.0020543618381407927,0.7708661417322835,1.9023897685590956,True
item_50960_max,0.08315834880117268,0.3376141411925505,0.7707999999999999,1.2059224938972626,False
item_50912_min,0.16031675162741277,0.06129113510240164,0.7669291338582678,1.4246554264548814,False
item_51006_std,0.3500092337481469,0.00017805406293962647,0.7650000000000001,2.0107102885571595,True
item_50882_pct_abnormal,0.2322360332555512,0.006318337528990445,0.7566929133858267,2.0075141705646473,True
item_50868_min,0.28217854237418993,0.000835646674721414,0.7507874015748032,2.425313125412069,True
item_51277_max,0.2469968384836506,0.004154773601353105,0.7459349593495934,1.7737772674685246,True
item_50971_pct_abnormal,0.08547639447390648,0.31885550463047624,0.7276306370794561,1.2515048393988428,False
item_50983_pct_abnormal,0.17408165961800826,0.04115011362306687,0.7244094488188976,1.5874604200329163,True
item_50931_max,0.10877405170802819,0.20577817202252643,0.724015748031496,1.3108969858702215,False
item_50971_last,0.2299390762261196,0.006666595481821844,0.7165354330708661,1.900315310526122,True
item_50902_pct_abnormal,0.19702577096102086,0.02054581213410471,0.705798138869005,1.7750410073635987,True
item_51250_max,0.1850824992918341,0.032941966638876864,0.698780487804878,1.9291200420791836,True
item_50971_mean,0.2165404343983087,0.010742115742991045,0.6972083035075161,1.911698149753724,True
item_51277_mean,0.13999426205178933,0.10801538311998997,0.6971544715447154,1.4545442227118641,False
item_50868_std,0.13316501373912343,0.16547928659510674,0.689,1.4230841734824922,False
item_50960_mean,0.17861247524291268,0.0382012097566066,0.6876000000000001,1.616409888628588,True
item_51221_std,0.1902972312732565,0.04644897873412908,0.6849999999999999,1.734771143569588,True
item_50893_std,0.31210362508398715,0.001963915827317377,0.6813953488372093,2.074778077996066,True
item_51301_max,0.011469781982110051,0.8957502472397415,0.6813008130081302,1.0375416732899043,False
item_51277_std,0.2814483962117821,0.0031699838016201153,0.676530612244898,1.6767983706272755,True
item_51277_last,0.11051945929812382,0.20536101172910878,0.6760162601626016,1.3607852130500988,False
item_50960_pct_abnormal,0.16931920090793778,0.04962101379065375,0.6704,1.5100690728591142,True
item_50983_std,0.10715869835358442,0.26516634344986323,0.668,1.2931727304178697,False
item_50970_min,0.23417757184919902,0.006461747923139045,0.6633064516129032,1.952283739444474,True
item_50971_std,0.14689399818584126,0.12568105851370073,0.659,1.5396302008518283,False
item_50931_mean,0.10601457241981334,0.2175843288718013,0.65,1.3710848309633632,False
item_51301_std,0.011265927559783426,0.9078742460270897,0.6489795918367347,1.0341994063635849,False
item_51250_std,0.2050537004002204,0.033265797352340844,0.6459183673469387,1.6820299078289214,True
item_51248_max,0.12801648742961272,0.14197621149562117,0.641869918699187,1.6414767414356015,False
item_50970_pct_abnormal,0.12384423687776713,0.153965253252736,0.6411290322580645,1.54671045587018,False
item_51277_min,0.08482086953209933,0.3316881902384476,0.6345528455284553,1.2735928215841519,False
item_51279_std,0.08115626703109818,0.4037373075049531,0.6326530612244898,1.2614532195299772,False
item_50970_std,0.1821208119971735,0.07732889451704163,0.631764705882353,1.529404237737661,False
item_50882_std,0.11452017968848155,0.23353546484815513,0.631,1.3450426301396992,False
item_51222_std,0.1003208827036268,0.30158399119426016,0.6285714285714286,1.3454215645835161,False
item_51250_mean,0.11627594820129676,0.18258841782430266,0.6247967479674797,1.498807204393915,False
item_51277_pct_abnormal,0.07022290717233015,0.42186042246623573,0.6239837398373983,1.2532919211316964,False
item_51250_last,0.13725700358645027,0.11515280436463389,0.6235772357723577,1.6315711730411413,False
item_50931_std,0.028016220505076864,0.7787727901798275,0.6161290322580646,1.0816164793175655,False
item_51248_std,0.03943405299973221,0.6853306920317089,0.6153061224489796,1.1108687154255412,False
item_50893_max,0.16302514140647192,0.05982464768777746,0.6068548387096774,1.6189945399888015,False
item_51301_mean,-0.025591287170363127,0.7699845230190087,0.5926829268292683,0.902359624661625,False
item_51249_max,0.08676995216698469,0.3206570129126232,0.5902439024390245,1.363515946552267,False
item_50960_std,-0.01351433555748161,0.8916946327888418,0.5882978723404257,0.9565523278797156,False
item_50960_last,0.10142584424636716,0.24178990601674819,0.5868,1.3678309688445383,False
item_51301_pct_abnormal,0.10448177738618075,0.23136598964969896,0.5813008130081301,1.4496845289368074,False
item_51248_last,0.08520266759040163,0.32950845961043207,0.5784552845528456,1.3808618642275305,False
item_51248_mean,0.08546594608765043,0.32801072728562836,0.5764227642276423,1.378649414464933,False
item_50983_last,0.08296555208046863,0.3333298545678738,0.5748031496062992,1.3125319582046189,False
item_50983_max,0.11133492552354393,0.19358778296330115,0.5690765926986399,1.3815580606467426,False
item_51265_std,0.09666484905457777,0.31963211833007915,0.5540816326530612,1.2662627550383938,False
item_51250_min,0.05658282900364295,0.5176941072727458,0.5487804878048781,1.2140955000020799,False
item_50893_pct_abnormal,0.048901828692967414,0.5747211397999966,0.5443548387096775,1.1856377913398257,False
item_50902_last,-0.03221452256747008,0.7075934487855849,0.5382963493199714,0.8981551201436598,False
item_51248_min,0.05402481235754462,0.5368293776178488,0.5353658536585366,1.2162991684779019,False
item_50971_min,0.05022916312454889,0.5585064257117656,0.5322118826055835,1.1786312934442724,False
item_51249_std,0.08181335579377676,0.3999288915292241,0.5255102040816326,1.268273144203403,False
item_50931_last,-0.013379097352944977,0.8766869759568051,0.5181102362204725,0.9529951059225255,False
item_50902_max,0.028851565791955303,0.7369340430084603,0.5161059413027916,1.0996021022957276,False
item_50931_pct_abnormal,0.029685745651581507,0.7305793350623438,0.502755905511811,1.1178139132086875,False
item_51221_max,0.037587791780143695,0.667527675023663,0.5020325203252032,1.1345916204018596,False
item_51279_pct_abnormal,0.006741678981982094,0.9386109721254977,0.4975609756097561,1.0238415185157865,False
item_50960_min,0.013337130485852217,0.8779809022890036,0.49679999999999996,1.0462287936717263,False
item_51249_pct_abnormal,-0.01470517256587085,0.8665859605966828,0.49552845528455286,0.9499755572719143,False
item_51249_mean,-0.001782160379951726,0.9837570824407957,0.4910569105691057,0.99393000342938,False
item_51221_pct_abnormal,0.01921121026187566,0.8262735099950599,0.4902439024390243,1.071632018950751,False
item_50902_std,0.027385478517512378,0.7764153470752257,0.4805,1.0854445854900288,False
item_51222_pct_abnormal,0.034106232282731394,0.6967340892057171,0.47886178861788614,1.1387881988665216,False
item_51250_pct_abnormal,-0.05152878060260076,0.5558337882354947,0.4682926829268293,0.8162641728531902,False
item_51222_max,0.0010508288667838948,0.9904221375644947,0.4666666666666667,1.0035990983043668,False
item_51301_last,-0.06774747081473943,0.4384473887931191,0.4626016260162602,0.6521509118539647,False
item_50893_mean,-0.010399865459127276,0.9050673900835081,0.4580645161290323,0.964858866313382,False
item_50902_mean,-0.07524421618324464,0.380419511062812,0.4556191839656407,0.7794115845146503,False
item_50983_mean,0.009574993742307579,0.9112514720406129,0.45454545454545453,1.0326042115318501,False
item_51301_min,-0.0769741226052601,0.3785143533712924,0.42886178861788615,0.6204365978045058,False
item_51249_last,-0.03960304334424958,0.6508432773927026,0.42601626016260163,0.8767334761461439,False
item_50902_min,-0.12544600278421938,0.14263454550215296,0.42161775232641374,0.6773151533485402,False
item_50893_last,-0.06306391959284656,0.46912751452533763,0.4137096774193548,0.8039608378479445,False
item_51279_max,-0.05721183313967296,0.5130428607227722,0.40325203252032515,0.8145527333580381,False
item_50983_min,-0.11805547162479064,0.16787910992862723,0.3962061560486757,0.6805457227471544,False
item_50882_max,-0.09658039403889625,0.26155918222810737,0.39212598425196854,0.7018652094553055,False
item_51265_max,-0.06116052970655457,0.4860217290138586,0.38688524590163936,0.7964347328119116,False
item_51248_pct_abnormal,-0.1436725480444919,0.09897493936373768,0.3780487804878049,0.5071311404460483,False
item_51249_min,-0.0972257248230522,0.26557203080612246,0.3707317073170732,0.7289652700839276,False
item_50931_min,-0.10939428687752017,0.20318913500278174,0.36850393700787404,0.6227271076592518,False
item_51221_last,-0.1082438257628975,0.2149041157755099,0.3670731707317073,0.6787289799728705,False
item_51222_last,-0.12443150300324551,0.15357390970575543,0.36504065040650413,0.6382638609011662,False
item_51221_mean,-0.09157024248426296,0.2945117380944896,0.36260162601626017,0.7120926336884189,False
item_51222_mean,-0.10372912789738734,0.2347629509814092,0.3532520325203252,0.6757274578628889,False
item_50893_min,-0.2950222079798977,0.0005391990447815773,0.33387096774193553,0.4828255681943153,True
item_51279_last,-0.15637693375470635,0.07225966038824831,0.33292682926829265,0.5643654348145206,False
item_51279_mean,-0.1459357500651246,0.09371617702652035,0.30365853658536585,0.5621425246212407,False
item_50882_last,-0.23701382362421894,0.00529354183946868,0.30354330708661414,0.464985782179767,True
item_51265_last,-0.2102115927069751,0.015551576250703938,0.2844262295081968,0.416361855304604,True
item_51221_min,-0.204886333212307,0.017995311030483425,0.26544715447154477,0.44956750704427656,True
item_51222_min,-0.21894328234657093,0.011343317398864907,0.2646341463414634,0.41703730008660145,True
item_51265_mean,-0.2198354318241682,0.011316925670055707,0.25245901639344265,0.37658288704535536,True
item_51279_min,-0.2398840216217734,0.005417647491798759,0.2479674796747967,0.38208358595233377,True
item_50882_mean,-0.2511574970631831,0.003072483600251009,0.21929133858267716,0.4458975229483239,True
item_51265_min,-0.2762649434061749,0.0013436222002667813,0.18893442622950823,0.24067246858345004,True
item_50882_min,-0.35331267979003694,2.2861657718249398e-05,0.1688976377952756,0.34909025084346496,True
